"";"Kingdom";"Phylum";"Class";"Order";"Family";"Genus"
"1";"Bacteria";"Proteobacteria";"Gammaproteobacteria";"Betaproteobacteriales";"Burkholderiaceae";"Burkholderia-Caballeronia-Paraburkholderia"
"2";"Bacteria";"Proteobacteria";"Gammaproteobacteria";"Enterobacteriales";"Enterobacteriaceae";"Morganella"
"3";"Bacteria";"Proteobacteria";"Gammaproteobacteria";"Betaproteobacteriales";"Burkholderiaceae";"Burkholderia-Caballeronia-Paraburkholderia"
"4";"Bacteria";"Firmicutes";"Bacilli";"Lactobacillales";"Enterococcaceae";"Melissococcus"
"5";"Bacteria";"Proteobacteria";"Gammaproteobacteria";"Enterobacteriales";"Enterobacteriaceae";"Escherichia/Shigella"
"6";"Bacteria";"Proteobacteria";"Gammaproteobacteria";"Enterobacteriales";"Enterobacteriaceae";"Morganella"
"7";"Bacteria";"Proteobacteria";"Gammaproteobacteria";"Enterobacteriales";"Enterobacteriaceae";"Providencia"
"8";"Bacteria";"Proteobacteria";"Gammaproteobacteria";"Betaproteobacteriales";"Burkholderiaceae";"Cupriavidus"
"9";"Bacteria";"Proteobacteria";"Gammaproteobacteria";"Enterobacteriales";"Enterobacteriaceae";"Providencia"
"10";"Bacteria";"Proteobacteria";"Gammaproteobacteria";"Enterobacteriales";"Enterobacteriaceae";"Proteus"
"11";"Bacteria";"Proteobacteria";"Gammaproteobacteria";"Enterobacteriales";"Enterobacteriaceae";"Proteus"
"12";"Bacteria";"Proteobacteria";"Gammaproteobacteria";"Pseudomonadales";"Moraxellaceae";"Acinetobacter"
"13";"Bacteria";"Firmicutes";"Bacilli";"Lactobacillales";"Enterococcaceae";"Enterococcus"
"14";"Bacteria";"Proteobacteria";"Gammaproteobacteria";"Enterobacteriales";"Enterobacteriaceae";"Providencia"
"15";"Bacteria";"Proteobacteria";"Gammaproteobacteria";"Xanthomonadales";"Xanthomonadaceae";"Stenotrophomonas"
"16";"Bacteria";"Proteobacteria";"Gammaproteobacteria";"Betaproteobacteriales";"Burkholderiaceae";"Ralstonia"
"17";"Bacteria";"Proteobacteria";"Gammaproteobacteria";"Betaproteobacteriales";"Burkholderiaceae";"Burkholderia-Caballeronia-Paraburkholderia"
"18";"Bacteria";"Proteobacteria";"Gammaproteobacteria";"Enterobacteriales";"Enterobacteriaceae";"Morganella"
"19";"Bacteria";"Proteobacteria";"Gammaproteobacteria";"Enterobacteriales";"Enterobacteriaceae";"Salmonella"
"20";"Bacteria";"Firmicutes";"Bacilli";"Lactobacillales";"Enterococcaceae";"Enterococcus"
"21";"Bacteria";"Firmicutes";"Bacilli";"Bacillales";"Bacillaceae";"Pseudogracilibacillus"
"22";"Bacteria";"Proteobacteria";"Gammaproteobacteria";"Enterobacteriales";"Enterobacteriaceae";"Proteus"
"23";"Bacteria";"Proteobacteria";"Gammaproteobacteria";"Enterobacteriales";"Enterobacteriaceae";"Klebsiella"
"24";"Bacteria";"Proteobacteria";"Gammaproteobacteria";"Pseudomonadales";"Moraxellaceae";"Acinetobacter"
"25";"Bacteria";"Firmicutes";"Bacilli";"Lactobacillales";"Enterococcaceae";"Melissococcus"
"26";"Bacteria";"Firmicutes";"Bacilli";"Bacillales";"Staphylococcaceae";"Staphylococcus"
"27";"Bacteria";"Firmicutes";"Bacilli";"Lactobacillales";"Enterococcaceae";"Enterococcus"
"28";"Bacteria";"Proteobacteria";"Gammaproteobacteria";"Xanthomonadales";"Xanthomonadaceae";"Stenotrophomonas"
"29";"Bacteria";"Proteobacteria";"Gammaproteobacteria";"Betaproteobacteriales";"Burkholderiaceae";"Delftia"
"30";"Bacteria";"Firmicutes";"Bacilli";"Bacillales";"Staphylococcaceae";"Staphylococcus"
"31";"Bacteria";"Firmicutes";"Bacilli";"Bacillales";"Bacillaceae";"Bacillus"
"32";"Bacteria";"Firmicutes";"Bacilli";"Lactobacillales";"Aerococcaceae";"Globicatella"
"33";"Bacteria";"Firmicutes";"Bacilli";"Lactobacillales";"Enterococcaceae";"Enterococcus"
"34";"Bacteria";"Proteobacteria";"Gammaproteobacteria";"Enterobacteriales";"Enterobacteriaceae";"Salmonella"
"35";"Bacteria";"Firmicutes";"Bacilli";"Bacillales";"Bacillaceae";"Oceanobacillus"
"36";"Bacteria";"Proteobacteria";"Gammaproteobacteria";"Enterobacteriales";"Enterobacteriaceae";"Klebsiella"
"37";"Bacteria";"Firmicutes";"Bacilli";"Lactobacillales";"Enterococcaceae";NA
"38";"Bacteria";"Firmicutes";"Bacilli";"Bacillales";"Bacillaceae";"Natronobacillus"
"39";"Bacteria";"Proteobacteria";"Gammaproteobacteria";"Pseudomonadales";"Moraxellaceae";"Acinetobacter"
"40";"Bacteria";"Firmicutes";"Bacilli";"Lactobacillales";"Enterococcaceae";"Melissococcus"
"41";"Bacteria";"RsaHf231";NA;NA;NA;NA
"42";"Bacteria";"Firmicutes";"Bacilli";"Bacillales";"Planococcaceae";"Sporosarcina"
"43";"Bacteria";"Proteobacteria";"Gammaproteobacteria";"Enterobacteriales";"Enterobacteriaceae";"Escherichia/Shigella"
"44";"Bacteria";"Firmicutes";"Bacilli";"Lactobacillales";"Aerococcaceae";"Globicatella"
"45";"Bacteria";"Firmicutes";"Bacilli";"Lactobacillales";"Carnobacteriaceae";"Atopostipes"
"46";"Bacteria";"Firmicutes";"Bacilli";"Lactobacillales";"Enterococcaceae";"Melissococcus"
"47";"Bacteria";"Proteobacteria";"Gammaproteobacteria";"Enterobacteriales";"Enterobacteriaceae";"Klebsiella"
"48";"Bacteria";"Firmicutes";"Bacilli";"Lactobacillales";"Aerococcaceae";"Globicatella"
"49";"Bacteria";"Proteobacteria";"Gammaproteobacteria";"Betaproteobacteriales";"Burkholderiaceae";"Delftia"
"50";"Bacteria";"Proteobacteria";"Gammaproteobacteria";"Enterobacteriales";"Enterobacteriaceae";"Providencia"
"51";"Bacteria";"Proteobacteria";"Gammaproteobacteria";"Pseudomonadales";"Moraxellaceae";"Acinetobacter"
"52";"Bacteria";"Firmicutes";"Bacilli";"Lactobacillales";"Enterococcaceae";"Melissococcus"
"53";"Bacteria";"Proteobacteria";"Gammaproteobacteria";"Enterobacteriales";"Enterobacteriaceae";"Escherichia/Shigella"
"54";"Bacteria";"Firmicutes";"Bacilli";"Bacillales";"Bacillaceae";"Amphibacillus"
"55";"Bacteria";"Firmicutes";"Bacilli";"Lactobacillales";"Aerococcaceae";"Globicatella"
"56";"Bacteria";"Proteobacteria";"Gammaproteobacteria";"Enterobacteriales";"Enterobacteriaceae";"Klebsiella"
"57";"Bacteria";"Proteobacteria";"Gammaproteobacteria";"Enterobacteriales";"Enterobacteriaceae";"Klebsiella"
"58";"Bacteria";"Proteobacteria";"Gammaproteobacteria";"Betaproteobacteriales";"Burkholderiaceae";"Paenalcaligenes"
"59";"Bacteria";"Firmicutes";"Bacilli";"Lactobacillales";"Enterococcaceae";"Enterococcus"
"60";"Bacteria";"Proteobacteria";"Gammaproteobacteria";"Betaproteobacteriales";"Burkholderiaceae";"Delftia"
"61";"Bacteria";"Firmicutes";"Bacilli";"Lactobacillales";"Enterococcaceae";"Enterococcus"
"62";"Bacteria";"Firmicutes";"Bacilli";"Bacillales";"Bacillaceae";NA
"63";"Bacteria";"Firmicutes";"Bacilli";"Bacillales";"Bacillaceae";"Bacillus"
"64";"Bacteria";"Proteobacteria";"Gammaproteobacteria";"Pseudomonadales";"Moraxellaceae";"Acinetobacter"
"65";"Bacteria";"Firmicutes";"Bacilli";"Bacillales";"Staphylococcaceae";"Staphylococcus"
"66";"Bacteria";"Firmicutes";"Bacilli";"Bacillales";"Paenibacillaceae";"Paenibacillus"
"67";"Bacteria";"Proteobacteria";"Gammaproteobacteria";"Enterobacteriales";"Enterobacteriaceae";"Providencia"
"68";"Bacteria";"Firmicutes";"Bacilli";"Bacillales";"Staphylococcaceae";"Staphylococcus"
"69";"Bacteria";"Proteobacteria";"Gammaproteobacteria";"Enterobacteriales";"Enterobacteriaceae";"Klebsiella"
"70";"Bacteria";"Proteobacteria";"Gammaproteobacteria";"Pseudomonadales";"Moraxellaceae";"Acinetobacter"
"71";"Bacteria";"Proteobacteria";"Gammaproteobacteria";"Enterobacteriales";"Enterobacteriaceae";"Klebsiella"
"72";"Bacteria";"Proteobacteria";"Gammaproteobacteria";"Pseudomonadales";"Pseudomonadaceae";"Pseudomonas"
"73";"Bacteria";"Proteobacteria";"Gammaproteobacteria";"Enterobacteriales";"Enterobacteriaceae";"Klebsiella"
"74";"Bacteria";"Proteobacteria";"Gammaproteobacteria";"Xanthomonadales";"Xanthomonadaceae";"Stenotrophomonas"
"75";"Bacteria";"Firmicutes";"Bacilli";"Lactobacillales";"Enterococcaceae";"Enterococcus"
"76";"Bacteria";"Firmicutes";"Bacilli";"Bacillales";"Bacillaceae";NA
"77";"Bacteria";"Firmicutes";"Bacilli";"Lactobacillales";"Enterococcaceae";"Enterococcus"
"78";"Bacteria";"Firmicutes";"Bacilli";"Lactobacillales";"Enterococcaceae";"Enterococcus"
"79";"Bacteria";"Firmicutes";"Bacilli";"Bacillales";"Bacillaceae";"Bacillus"
"80";"Bacteria";"Firmicutes";"Bacilli";"Bacillales";"Bacillaceae";NA
"81";"Bacteria";"Proteobacteria";"Gammaproteobacteria";"Xanthomonadales";"Xanthomonadaceae";"Stenotrophomonas"
"82";"Bacteria";"Proteobacteria";"Gammaproteobacteria";"Enterobacteriales";"Enterobacteriaceae";"Enterobacter"
"83";"Bacteria";"Firmicutes";"Bacilli";"Bacillales";"Bacillaceae";NA
"84";"Bacteria";"Proteobacteria";"Gammaproteobacteria";"Pseudomonadales";"Moraxellaceae";"Acinetobacter"
"85";"Bacteria";"Firmicutes";"Bacilli";"Lactobacillales";"Enterococcaceae";"Enterococcus"
"86";"Bacteria";"Firmicutes";"Bacilli";"Bacillales";"Paenibacillaceae";"Paenibacillus"
"87";"Bacteria";"Firmicutes";"Bacilli";"Bacillales";"Bacillaceae";"Bacillus"
"88";"Bacteria";"Firmicutes";"Bacilli";"Bacillales";"Bacillaceae";"Oceanobacillus"
"89";"Bacteria";"Firmicutes";"Bacilli";"Lactobacillales";"Enterococcaceae";"Enterococcus"
"90";"Bacteria";"Firmicutes";"Bacilli";"Bacillales";"Bacillaceae";"Amphibacillus"
"91";"Bacteria";"Firmicutes";"Bacilli";"Bacillales";"Bacillaceae";"Bacillus"
"92";"Bacteria";"Firmicutes";"Bacilli";"Bacillales";"Bacillaceae";NA
"93";"Bacteria";"Firmicutes";"Bacilli";"Bacillales";"Bacillaceae";"Bacillus"
"94";"Bacteria";"Firmicutes";"Bacilli";"Lactobacillales";"Enterococcaceae";"Enterococcus"
"95";"Bacteria";"Firmicutes";"Bacilli";"Bacillales";"Bacillaceae";NA
"96";"Bacteria";"Firmicutes";"Bacilli";"Bacillales";"Bacillaceae";NA
"97";"Bacteria";"Proteobacteria";"Gammaproteobacteria";"Betaproteobacteriales";"Burkholderiaceae";"Comamonas"
"98";"Bacteria";"Proteobacteria";"Gammaproteobacteria";"Pseudomonadales";"Moraxellaceae";"Acinetobacter"
"99";"Bacteria";"Proteobacteria";"Gammaproteobacteria";"Pseudomonadales";"Moraxellaceae";"Acinetobacter"
"100";"Bacteria";"Proteobacteria";"Gammaproteobacteria";"Betaproteobacteriales";"Burkholderiaceae";"Acidovorax"
"101";"Bacteria";"Proteobacteria";"Gammaproteobacteria";"Xanthomonadales";"Xanthomonadaceae";"Stenotrophomonas"
"102";"Bacteria";"Proteobacteria";"Gammaproteobacteria";"Enterobacteriales";"Enterobacteriaceae";"Enterobacter"
"103";"Bacteria";"Proteobacteria";"Gammaproteobacteria";"Xanthomonadales";"Xanthomonadaceae";"Luteimonas"
"104";"Bacteria";"Proteobacteria";"Gammaproteobacteria";"Pseudomonadales";"Pseudomonadaceae";"Pseudomonas"
"105";"Bacteria";"Proteobacteria";"Gammaproteobacteria";"Pseudomonadales";"Pseudomonadaceae";"Pseudomonas"
"106";"Bacteria";"Firmicutes";"Bacilli";"Lactobacillales";"Enterococcaceae";"Melissococcus"
"107";"Bacteria";"Proteobacteria";"Gammaproteobacteria";"Betaproteobacteriales";"Burkholderiaceae";"Acidovorax"
"108";"Bacteria";"Firmicutes";"Bacilli";"Lactobacillales";"Enterococcaceae";"Enterococcus"
"109";"Bacteria";"Firmicutes";"Bacilli";"Lactobacillales";"Enterococcaceae";NA
"110";"Bacteria";"Proteobacteria";"Gammaproteobacteria";"Pseudomonadales";"Moraxellaceae";"Acinetobacter"
"111";"Bacteria";"Proteobacteria";"Gammaproteobacteria";"Pseudomonadales";"Moraxellaceae";"Acinetobacter"
"112";"Bacteria";"Firmicutes";"Bacilli";"Bacillales";"Staphylococcaceae";"Staphylococcus"
"113";"Bacteria";"Proteobacteria";"Gammaproteobacteria";"Betaproteobacteriales";"Burkholderiaceae";"Curvibacter"
"114";"Bacteria";"Proteobacteria";"Gammaproteobacteria";"Betaproteobacteriales";"Burkholderiaceae";"Paenalcaligenes"
"115";"Bacteria";"Proteobacteria";"Gammaproteobacteria";"Pseudomonadales";"Pseudomonadaceae";"Pseudomonas"
"116";"Bacteria";"Firmicutes";"Bacilli";"Bacillales";"Bacillaceae";"Gracilibacillus"
"117";"Bacteria";"Proteobacteria";"Gammaproteobacteria";"Enterobacteriales";"Enterobacteriaceae";"Salmonella"
"118";"Bacteria";"Firmicutes";"Bacilli";"Lactobacillales";"Enterococcaceae";"Enterococcus"
"119";"Bacteria";"Firmicutes";"Bacilli";"Bacillales";"Bacillaceae";"Gracilibacillus"
"120";"Bacteria";"Firmicutes";"Bacilli";"Bacillales";"Listeriaceae";"Listeria"
"121";"Bacteria";"Firmicutes";"Bacilli";"Bacillales";"Bacillaceae";NA
"122";"Bacteria";"Firmicutes";"Bacilli";"Lactobacillales";"Enterococcaceae";"Melissococcus"
"123";"Bacteria";"Firmicutes";"Bacilli";"Lactobacillales";"Enterococcaceae";"Melissococcus"
"124";"Bacteria";"Firmicutes";"Bacilli";"Bacillales";"Staphylococcaceae";"Staphylococcus"
"125";"Bacteria";"Proteobacteria";"Gammaproteobacteria";"Enterobacteriales";"Enterobacteriaceae";"Morganella"
"126";"Bacteria";"Proteobacteria";"Gammaproteobacteria";"Betaproteobacteriales";"Burkholderiaceae";"Alcaligenes"
"127";"Bacteria";"Firmicutes";"Bacilli";"Bacillales";"Bacillaceae";NA
"128";"Bacteria";"Firmicutes";"Bacilli";"Lactobacillales";"Lactobacillaceae";"Lactobacillus"
"129";"Bacteria";"Actinobacteria";"Actinobacteria";"Micrococcales";NA;NA
"130";"Bacteria";"Actinobacteria";"Actinobacteria";"Micrococcales";"Beutenbergiaceae";NA
"131";"Bacteria";"Firmicutes";"Bacilli";"Bacillales";"Staphylococcaceae";"Jeotgalicoccus"
"132";"Bacteria";"Firmicutes";"Bacilli";"Bacillales";"Paenibacillaceae";"Paenibacillus"
"133";"Bacteria";"Firmicutes";"Bacilli";"Bacillales";"Bacillaceae";NA
"134";"Bacteria";"Proteobacteria";"Gammaproteobacteria";"Pseudomonadales";"Moraxellaceae";"Acinetobacter"
"135";"Bacteria";"Firmicutes";"Bacilli";"Bacillales";"Bacillaceae";"Oceanobacillus"
"136";"Bacteria";"Proteobacteria";"Gammaproteobacteria";"Xanthomonadales";"Xanthomonadaceae";"Stenotrophomonas"
"137";"Bacteria";"Firmicutes";"Bacilli";"Lactobacillales";"Carnobacteriaceae";"Atopostipes"
"138";"Bacteria";"Proteobacteria";"Gammaproteobacteria";"Enterobacteriales";"Enterobacteriaceae";"Pantoea"
"139";"Bacteria";"Proteobacteria";"Gammaproteobacteria";"Pseudomonadales";"Moraxellaceae";"Acinetobacter"
"140";"Bacteria";"Firmicutes";"Bacilli";"Lactobacillales";"Streptococcaceae";"Streptococcus"
"141";"Bacteria";"Firmicutes";"Bacilli";"Bacillales";"Staphylococcaceae";"Jeotgalicoccus"
"142";"Bacteria";"Proteobacteria";"Gammaproteobacteria";"Betaproteobacteriales";"Burkholderiaceae";"Acidovorax"
"143";"Bacteria";"Actinobacteria";"Actinobacteria";"Micrococcales";"Beutenbergiaceae";"Miniimonas"
"144";"Bacteria";"Proteobacteria";"Gammaproteobacteria";"Enterobacteriales";"Enterobacteriaceae";"Enterobacter"
"145";"Bacteria";"Firmicutes";"Bacilli";"Bacillales";"Staphylococcaceae";"Staphylococcus"
"146";"Bacteria";"Proteobacteria";"Gammaproteobacteria";"Betaproteobacteriales";"Burkholderiaceae";"Massilia"
"147";"Bacteria";"Proteobacteria";"Gammaproteobacteria";"Betaproteobacteriales";"Neisseriaceae";NA
"148";"Bacteria";"Proteobacteria";"Gammaproteobacteria";"Pseudomonadales";"Pseudomonadaceae";"Pseudomonas"
"149";"Bacteria";"Firmicutes";"Bacilli";"Bacillales";"Bacillaceae";"Bacillus"
"150";"Bacteria";"Proteobacteria";"Gammaproteobacteria";"Betaproteobacteriales";"Burkholderiaceae";"Acidovorax"
"151";"Bacteria";"Proteobacteria";"Gammaproteobacteria";"Pseudomonadales";"Moraxellaceae";"Acinetobacter"
"152";"Bacteria";"Proteobacteria";"Gammaproteobacteria";"Betaproteobacteriales";"Burkholderiaceae";"Massilia"
"153";"Bacteria";"Actinobacteria";"Actinobacteria";"Micrococcales";NA;NA
"154";"Bacteria";"Firmicutes";"Bacilli";"Bacillales";"Paenibacillaceae";"Paenibacillus"
"155";"Bacteria";"Firmicutes";"Bacilli";"Bacillales";"Staphylococcaceae";"Staphylococcus"
"156";"Bacteria";"Proteobacteria";"Gammaproteobacteria";"Enterobacteriales";"Enterobacteriaceae";"Morganella"
"157";"Bacteria";"Firmicutes";"Bacilli";"Bacillales";"Bacillaceae";NA
"158";"Bacteria";"Proteobacteria";"Gammaproteobacteria";"Betaproteobacteriales";"Burkholderiaceae";"Massilia"
"159";"Bacteria";"Firmicutes";"Bacilli";"Lactobacillales";"Aerococcaceae";"Globicatella"
"160";"Bacteria";"Proteobacteria";"Gammaproteobacteria";"Pseudomonadales";"Moraxellaceae";"Acinetobacter"
"161";"Bacteria";"Proteobacteria";"Gammaproteobacteria";"Betaproteobacteriales";"Burkholderiaceae";"Massilia"
"162";"Bacteria";"Proteobacteria";"Gammaproteobacteria";"Betaproteobacteriales";"Burkholderiaceae";"Alcaligenes"
"163";"Bacteria";"Firmicutes";"Bacilli";"Bacillales";"Bacillaceae";"Amphibacillus"
"164";"Bacteria";"Proteobacteria";"Gammaproteobacteria";"Enterobacteriales";"Enterobacteriaceae";"Morganella"
"165";"Bacteria";"Proteobacteria";"Gammaproteobacteria";"Betaproteobacteriales";"Burkholderiaceae";"Massilia"
"166";"Bacteria";"Proteobacteria";"Gammaproteobacteria";"Betaproteobacteriales";"Neisseriaceae";NA
"167";"Bacteria";"Firmicutes";"Bacilli";"Lactobacillales";"Enterococcaceae";"Enterococcus"
"168";"Bacteria";"Firmicutes";"Bacilli";"Bacillales";"Bacillaceae";NA
"169";"Bacteria";"Proteobacteria";"Gammaproteobacteria";"Enterobacteriales";"Enterobacteriaceae";"Citrobacter"
"170";"Bacteria";"Proteobacteria";"Gammaproteobacteria";"Pseudomonadales";"Pseudomonadaceae";"Pseudomonas"
"171";"Bacteria";"Firmicutes";"Clostridia";"Clostridiales";"Lachnospiraceae";NA
"172";"Bacteria";"Firmicutes";"Erysipelotrichia";"Erysipelotrichales";"Erysipelotrichaceae";"Erysipelothrix"
"173";"Bacteria";"Proteobacteria";"Gammaproteobacteria";"Betaproteobacteriales";"Burkholderiaceae";"Paenalcaligenes"
"174";"Bacteria";"Actinobacteria";"Actinobacteria";"Micrococcales";NA;NA
"175";"Bacteria";"Firmicutes";"Bacilli";"Bacillales";"Staphylococcaceae";"Staphylococcus"
"176";"Bacteria";"Proteobacteria";"Gammaproteobacteria";"Betaproteobacteriales";"Burkholderiaceae";"Massilia"
"177";"Bacteria";"Firmicutes";"Bacilli";"Bacillales";"Planococcaceae";"Lysinibacillus"
"178";"Bacteria";"Proteobacteria";"Gammaproteobacteria";"Xanthomonadales";"Xanthomonadaceae";"Stenotrophomonas"
"179";"Bacteria";"Firmicutes";"Bacilli";"Bacillales";"Bacillaceae";NA
"180";"Bacteria";"Proteobacteria";"Gammaproteobacteria";"Enterobacteriales";"Enterobacteriaceae";"Pantoea"
"181";"Bacteria";"Firmicutes";"Bacilli";"Bacillales";"Bacillaceae";NA
"182";"Bacteria";"Proteobacteria";"Gammaproteobacteria";"Enterobacteriales";"Enterobacteriaceae";"Klebsiella"
"183";"Bacteria";"Firmicutes";"Bacilli";"Bacillales";"Bacillaceae";NA
"184";"Bacteria";"Firmicutes";"Bacilli";"Lactobacillales";"Streptococcaceae";"Streptococcus"
"185";"Bacteria";"Firmicutes";"Bacilli";"Lactobacillales";"Enterococcaceae";"Enterococcus"
"186";"Bacteria";"Firmicutes";"Bacilli";"Bacillales";"Staphylococcaceae";"Staphylococcus"
"187";"Bacteria";"Proteobacteria";"Gammaproteobacteria";"Pseudomonadales";"Moraxellaceae";"Acinetobacter"
"188";"Bacteria";"Firmicutes";"Bacilli";"Bacillales";"Bacillaceae";"Amphibacillus"
"189";"Bacteria";"Firmicutes";"Bacilli";"Bacillales";"Paenibacillaceae";"Paenibacillus"
"190";"Bacteria";"Firmicutes";"Clostridia";"Clostridiales";"Lachnospiraceae";NA
"191";"Bacteria";"Firmicutes";"Bacilli";"Bacillales";"Bacillaceae";"Oceanobacillus"
"192";"Bacteria";"Firmicutes";"Bacilli";"Bacillales";"Bacillaceae";"Aeribacillus"
"193";"Bacteria";"Proteobacteria";"Gammaproteobacteria";"Pseudomonadales";"Moraxellaceae";"Acinetobacter"
"194";"Bacteria";"Proteobacteria";"Gammaproteobacteria";"Betaproteobacteriales";"Rhodocyclaceae";"Zoogloea"
"195";"Bacteria";"Actinobacteria";"Actinobacteria";"Micrococcales";NA;NA
"196";"Bacteria";"Firmicutes";"Bacilli";"Lactobacillales";"Carnobacteriaceae";"Atopostipes"
"197";"Bacteria";"Firmicutes";"Clostridia";"Clostridiales";"Peptostreptococcaceae";"Asaccharospora"
"198";"Bacteria";"Firmicutes";"Clostridia";"Clostridiales";"Lachnospiraceae";NA
"199";"Bacteria";"Proteobacteria";"Gammaproteobacteria";"Pseudomonadales";"Pseudomonadaceae";"Pseudomonas"
"200";"Bacteria";"Firmicutes";"Bacilli";"Bacillales";"Staphylococcaceae";"Staphylococcus"
"201";"Bacteria";"Proteobacteria";"Gammaproteobacteria";"Enterobacteriales";"Enterobacteriaceae";"Raoultella"
"202";"Bacteria";"Firmicutes";"Bacilli";"Bacillales";"Bacillaceae";"Oceanobacillus"
"203";"Bacteria";"Proteobacteria";"Gammaproteobacteria";"Betaproteobacteriales";"Burkholderiaceae";"Bordetella"
"204";"Bacteria";"Firmicutes";"Bacilli";"Bacillales";"Bacillaceae";"Bacillus"
"205";"Bacteria";"Firmicutes";"Erysipelotrichia";"Erysipelotrichales";"Erysipelotrichaceae";"Erysipelothrix"
"206";"Bacteria";"Bacteroidetes";"Bacteroidia";"Flavobacteriales";"Flavobacteriaceae";NA
"207";"Bacteria";"Firmicutes";"Bacilli";"Bacillales";"Bacillaceae";NA
"208";"Bacteria";"Actinobacteria";"Actinobacteria";"Micrococcales";NA;NA
"209";"Bacteria";"Firmicutes";"Bacilli";"Bacillales";"Bacillaceae";"Gracilibacillus"
"210";"Bacteria";"Proteobacteria";"Gammaproteobacteria";"Pseudomonadales";"Pseudomonadaceae";"Pseudomonas"
"211";"Bacteria";"Firmicutes";"Bacilli";"Bacillales";"Bacillaceae";"Aeribacillus"
"212";"Bacteria";"Actinobacteria";"Thermoleophilia";"Solirubrobacterales";NA;NA
"213";"Bacteria";"Firmicutes";"Bacilli";"Bacillales";"Bacillaceae";"Anoxybacillus"
"214";"Bacteria";"Firmicutes";"Clostridia";"Clostridiales";"Lachnospiraceae";NA
"215";"Bacteria";"Firmicutes";"Bacilli";"Bacillales";"Planococcaceae";"Lysinibacillus"
"216";"Bacteria";"Firmicutes";"Bacilli";"Bacillales";"Bacillaceae";NA
"217";"Bacteria";"Firmicutes";"Bacilli";"Lactobacillales";"Aerococcaceae";"Globicatella"
"218";"Bacteria";"Proteobacteria";"Gammaproteobacteria";"Pasteurellales";"Pasteurellaceae";"Haemophilus"
"219";"Bacteria";"Firmicutes";"Clostridia";"Clostridiales";"Peptococcaceae";"Desulfosporosinus"
"220";"Bacteria";"Firmicutes";"Bacilli";"Bacillales";"Staphylococcaceae";"Staphylococcus"
"221";"Bacteria";"Firmicutes";"Clostridia";"Clostridiales";"Peptostreptococcaceae";NA
"222";"Bacteria";"Firmicutes";"Bacilli";"Bacillales";"Bacillaceae";"Oceanobacillus"
"223";"Bacteria";"Firmicutes";"Bacilli";"Bacillales";"Bacillaceae";"Ornithinibacillus"
"224";"Bacteria";"Firmicutes";"Bacilli";"Lactobacillales";"Lactobacillaceae";"Pediococcus"
"225";"Bacteria";"Proteobacteria";"Gammaproteobacteria";"Betaproteobacteriales";"Burkholderiaceae";"Comamonas"
"226";"Bacteria";"Proteobacteria";"Gammaproteobacteria";"Pseudomonadales";"Pseudomonadaceae";"Pseudomonas"
"227";"Bacteria";"Firmicutes";"Bacilli";"Bacillales";"Staphylococcaceae";"Jeotgalicoccus"
"228";"Bacteria";"Proteobacteria";"Gammaproteobacteria";"Pseudomonadales";"Pseudomonadaceae";"Pseudomonas"
"229";"Bacteria";"Firmicutes";"Bacilli";"Lactobacillales";"Enterococcaceae";"Enterococcus"
"230";"Bacteria";"Firmicutes";"Bacilli";"Bacillales";"Bacillaceae";"Oceanobacillus"
"231";"Bacteria";"Firmicutes";"Clostridia";"Clostridiales";"Lachnospiraceae";NA
"232";"Bacteria";"Firmicutes";"Bacilli";"Bacillales";"Bacillaceae";"Bacillus"
"233";"Bacteria";"Firmicutes";"Bacilli";"Lactobacillales";"Lactobacillaceae";"Lactobacillus"
"234";"Bacteria";"Proteobacteria";"Gammaproteobacteria";"Pseudomonadales";"Pseudomonadaceae";"Pseudomonas"
"235";"Bacteria";"Proteobacteria";"Gammaproteobacteria";"Betaproteobacteriales";"Burkholderiaceae";"Burkholderia-Caballeronia-Paraburkholderia"
"236";"Bacteria";"Proteobacteria";"Gammaproteobacteria";"Pseudomonadales";"Moraxellaceae";"Acinetobacter"
"237";"Bacteria";"Proteobacteria";"Gammaproteobacteria";"Enterobacteriales";"Enterobacteriaceae";"Citrobacter"
"238";"Bacteria";"Proteobacteria";"Gammaproteobacteria";NA;NA;NA
"239";"Bacteria";"Firmicutes";"Bacilli";"Lactobacillales";"Enterococcaceae";"Enterococcus"
"240";"Bacteria";"Proteobacteria";"Gammaproteobacteria";"Betaproteobacteriales";"Burkholderiaceae";"Massilia"
"241";"Bacteria";"Proteobacteria";"Gammaproteobacteria";"Betaproteobacteriales";"Burkholderiaceae";"Diaphorobacter"
"242";"Bacteria";"Firmicutes";"Bacilli";"Bacillales";"Bacillaceae";"Bacillus"
"243";"Bacteria";"Proteobacteria";"Gammaproteobacteria";"Betaproteobacteriales";"Burkholderiaceae";"Comamonas"
"244";"Bacteria";"Firmicutes";"Bacilli";"Lactobacillales";"Enterococcaceae";"Enterococcus"
"245";"Bacteria";"Firmicutes";"Bacilli";"Bacillales";"Bacillaceae";"Aeribacillus"
"246";"Bacteria";"Firmicutes";"Bacilli";"Bacillales";"Staphylococcaceae";"Staphylococcus"
"247";"Bacteria";"Firmicutes";"Bacilli";"Lactobacillales";"Enterococcaceae";"Melissococcus"
"248";"Bacteria";"Firmicutes";"Bacilli";"Bacillales";"Bacillaceae";"Ornithinibacillus"
"249";"Bacteria";NA;NA;NA;NA;NA
"250";"Bacteria";"Firmicutes";"Bacilli";"Bacillales";"Bacillaceae";NA
"251";"Bacteria";"Firmicutes";"Bacilli";"Bacillales";"Bacillaceae";"Pseudogracilibacillus"
"252";"Bacteria";"Firmicutes";"Bacilli";"Lactobacillales";"Streptococcaceae";"Lactococcus"
"253";"Bacteria";"Proteobacteria";"Gammaproteobacteria";"Betaproteobacteriales";"Burkholderiaceae";"Achromobacter"
"254";"Bacteria";"Firmicutes";"Bacilli";"Lactobacillales";"Leuconostocaceae";"Weissella"
"255";"Bacteria";"Proteobacteria";"Gammaproteobacteria";"Enterobacteriales";"Enterobacteriaceae";"Enterobacter"
"256";"Bacteria";"Proteobacteria";"Gammaproteobacteria";"Xanthomonadales";"Xanthomonadaceae";"Stenotrophomonas"
"257";"Bacteria";"Proteobacteria";"Gammaproteobacteria";"Betaproteobacteriales";"Burkholderiaceae";"Burkholderia-Caballeronia-Paraburkholderia"
"258";"Bacteria";"Proteobacteria";"Gammaproteobacteria";"Pseudomonadales";"Moraxellaceae";"Acinetobacter"
"259";"Bacteria";"Actinobacteria";"Actinobacteria";"Micrococcales";"Beutenbergiaceae";"Miniimonas"
"260";"Bacteria";"Proteobacteria";"Gammaproteobacteria";"Enterobacteriales";"Enterobacteriaceae";"Morganella"
"261";"Bacteria";"Firmicutes";"Clostridia";"Clostridiales";"Lachnospiraceae";NA
"262";"Bacteria";"Actinobacteria";"Actinobacteria";"Micrococcales";"Beutenbergiaceae";"Miniimonas"
"263";"Bacteria";"Firmicutes";"Clostridia";"Clostridiales";"Lachnospiraceae";NA
"264";"Bacteria";"Actinobacteria";"Actinobacteria";"Micrococcales";"Micrococcaceae";"Enteractinococcus"
"265";"Bacteria";"Firmicutes";"Bacilli";"Lactobacillales";"Streptococcaceae";"Streptococcus"
"266";"Bacteria";"Proteobacteria";"Gammaproteobacteria";"Betaproteobacteriales";"Burkholderiaceae";"Massilia"
"267";"Bacteria";"Proteobacteria";"Gammaproteobacteria";"Pseudomonadales";"Pseudomonadaceae";"Pseudomonas"
"268";"Bacteria";"Firmicutes";"Bacilli";"Bacillales";"Bacillaceae";"Geobacillus"
"269";"Bacteria";"Proteobacteria";"Gammaproteobacteria";"Enterobacteriales";"Enterobacteriaceae";"Pantoea"
"270";"Bacteria";"Proteobacteria";"Gammaproteobacteria";"Pseudomonadales";"Moraxellaceae";"Acinetobacter"
"271";"Bacteria";"Firmicutes";"Bacilli";"Lactobacillales";"Lactobacillaceae";"Lactobacillus"
"272";"Bacteria";"Firmicutes";"Bacilli";"Lactobacillales";"Streptococcaceae";"Streptococcus"
"273";"Bacteria";"Tenericutes";"Mollicutes";"Entomoplasmatales";"Spiroplasmataceae";"Spiroplasma"
"274";"Bacteria";"Firmicutes";"Bacilli";"Lactobacillales";"Enterococcaceae";"Enterococcus"
"275";"Bacteria";"Firmicutes";"Bacilli";"Lactobacillales";"Enterococcaceae";"Melissococcus"
"276";"Bacteria";"RsaHf231";NA;NA;NA;NA
"277";"Bacteria";"Actinobacteria";"Actinobacteria";"Micrococcales";NA;NA
"278";"Bacteria";"Proteobacteria";"Gammaproteobacteria";"Betaproteobacteriales";"Burkholderiaceae";"Hydrogenophaga"
"279";"Bacteria";"Proteobacteria";"Gammaproteobacteria";"Pseudomonadales";"Pseudomonadaceae";"Pseudomonas"
"280";"Bacteria";"Firmicutes";"Bacilli";"Bacillales";"Bacillaceae";NA
"281";"Bacteria";"Firmicutes";"Bacilli";"Bacillales";"Family_XII";"Exiguobacterium"
"282";"Bacteria";"Firmicutes";"Bacilli";"Lactobacillales";"Enterococcaceae";"Vagococcus"
"283";"Bacteria";"Firmicutes";"Bacilli";"Bacillales";"Family_XI";"Gemella"
"284";"Bacteria";"Proteobacteria";"Gammaproteobacteria";"Betaproteobacteriales";"Burkholderiaceae";"Pusillimonas"
"285";"Bacteria";"Proteobacteria";"Gammaproteobacteria";"Betaproteobacteriales";"Burkholderiaceae";"Delftia"
"286";"Bacteria";"Proteobacteria";"Gammaproteobacteria";"Betaproteobacteriales";"Burkholderiaceae";"Ralstonia"
"287";"Bacteria";"Proteobacteria";"Gammaproteobacteria";"Pseudomonadales";"Pseudomonadaceae";"Pseudomonas"
"288";"Bacteria";"Proteobacteria";"Gammaproteobacteria";"Pseudomonadales";"Moraxellaceae";"Acinetobacter"
"289";"Bacteria";"Firmicutes";"Bacilli";"Bacillales";"Staphylococcaceae";"Staphylococcus"
"290";"Bacteria";"Actinobacteria";"Thermoleophilia";"Solirubrobacterales";NA;NA
"291";"Bacteria";"Proteobacteria";"Gammaproteobacteria";"Enterobacteriales";"Enterobacteriaceae";"Proteus"
"292";"Bacteria";"Firmicutes";"Bacilli";"Bacillales";"Bacillaceae";"Anoxybacillus"
"293";"Bacteria";"Firmicutes";"Bacilli";"Lactobacillales";"Aerococcaceae";"Globicatella"
"294";"Bacteria";"Firmicutes";"Bacilli";"Bacillales";"Planococcaceae";NA
"295";"Bacteria";"Proteobacteria";"Gammaproteobacteria";"Enterobacteriales";"Enterobacteriaceae";"Escherichia/Shigella"
"296";"Bacteria";"Proteobacteria";"Gammaproteobacteria";"Enterobacteriales";"Enterobacteriaceae";"Morganella"
"297";"Bacteria";"Firmicutes";"Bacilli";"Bacillales";"Bacillaceae";NA
"298";"Bacteria";"Firmicutes";"Bacilli";"Bacillales";"Bacillaceae";NA
"299";"Bacteria";"Proteobacteria";"Gammaproteobacteria";"Betaproteobacteriales";"Burkholderiaceae";"Comamonas"
"300";"Bacteria";"Firmicutes";"Bacilli";"Lactobacillales";"Streptococcaceae";"Streptococcus"
"301";"Bacteria";"Proteobacteria";"Gammaproteobacteria";"Enterobacteriales";"Enterobacteriaceae";NA
"302";"Bacteria";"Proteobacteria";"Gammaproteobacteria";"Betaproteobacteriales";"Neisseriaceae";"Neisseria"
"303";"Bacteria";"Proteobacteria";"Gammaproteobacteria";"Pseudomonadales";"Pseudomonadaceae";"Pseudomonas"
"304";"Bacteria";"Actinobacteria";"Thermoleophilia";"Gaiellales";NA;NA
"305";"Bacteria";"Proteobacteria";"Gammaproteobacteria";"Betaproteobacteriales";"Burkholderiaceae";"Janthinobacterium"
"306";"Bacteria";"Firmicutes";"Bacilli";"Bacillales";"Bacillaceae";NA
"307";"Bacteria";"Proteobacteria";"Gammaproteobacteria";"Betaproteobacteriales";"Burkholderiaceae";"Achromobacter"
"308";"Bacteria";"Actinobacteria";"Thermoleophilia";NA;NA;NA
"309";"Bacteria";"Proteobacteria";"Gammaproteobacteria";"Betaproteobacteriales";"Neisseriaceae";NA
"310";"Eukaryota";NA;NA;NA;NA;NA
"311";"Bacteria";"Proteobacteria";"Gammaproteobacteria";"Betaproteobacteriales";"Burkholderiaceae";"Comamonas"
"312";"Bacteria";"Actinobacteria";"Thermoleophilia";"Solirubrobacterales";"67-14";NA
"313";"Bacteria";"Actinobacteria";"Actinobacteria";"Micrococcales";NA;NA
"314";"Bacteria";"Firmicutes";"Bacilli";"Lactobacillales";NA;NA
"315";"Bacteria";"Firmicutes";"Bacilli";"Bacillales";"Bacillaceae";NA
"316";"Bacteria";"Firmicutes";"Clostridia";"Clostridiales";"Lachnospiraceae";NA
"317";"Bacteria";"Proteobacteria";"Gammaproteobacteria";"Enterobacteriales";"Enterobacteriaceae";"Escherichia/Shigella"
"318";"Bacteria";"Firmicutes";"Bacilli";"Bacillales";"Bacillaceae";"Oceanobacillus"
"319";"Bacteria";"Firmicutes";"Bacilli";"Bacillales";"Bacillaceae";"Pseudogracilibacillus"
"320";"Bacteria";"Firmicutes";"Bacilli";"Bacillales";"Bacillaceae";"Oceanobacillus"
"321";"Bacteria";"Proteobacteria";"Gammaproteobacteria";"Pseudomonadales";"Moraxellaceae";"Enhydrobacter"
"322";"Bacteria";"Proteobacteria";"Gammaproteobacteria";"Betaproteobacteriales";"Burkholderiaceae";"Bordetella"
"323";"Bacteria";"Firmicutes";"Bacilli";"Bacillales";"Planococcaceae";"Sporosarcina"
"324";"Bacteria";"Proteobacteria";"Gammaproteobacteria";"Enterobacteriales";"Enterobacteriaceae";"Candidatus_Regiella"
"325";"Bacteria";"Firmicutes";"Bacilli";"Bacillales";"Paenibacillaceae";"Paenibacillus"
"326";"Bacteria";"Proteobacteria";"Gammaproteobacteria";"Betaproteobacteriales";"Burkholderiaceae";"Pusillimonas"
"327";"Bacteria";"Firmicutes";"Negativicutes";"Selenomonadales";"Veillonellaceae";"Veillonella"
"328";"Bacteria";"Proteobacteria";"Gammaproteobacteria";"Betaproteobacteriales";"Burkholderiaceae";"Methylibium"
"329";"Bacteria";"Proteobacteria";"Gammaproteobacteria";"Betaproteobacteriales";"Burkholderiaceae";"Bordetella"
"330";"Bacteria";"Firmicutes";"Bacilli";"Bacillales";"Bacillaceae";"Salirhabdus"
"331";"Bacteria";"Proteobacteria";"Gammaproteobacteria";"Xanthomonadales";"Xanthomonadaceae";"Pseudoxanthomonas"
"332";"Bacteria";"Proteobacteria";"Gammaproteobacteria";"Betaproteobacteriales";"Burkholderiaceae";"Acidovorax"
"333";"Bacteria";"Firmicutes";"Bacilli";"Lactobacillales";"Enterococcaceae";"Melissococcus"
"334";"Bacteria";"Actinobacteria";"Actinobacteria";"Micrococcales";"Brevibacteriaceae";"Sediminivirga"
"335";"Bacteria";NA;NA;NA;NA;NA
"336";"Bacteria";"Firmicutes";"Bacilli";"Lactobacillales";"Aerococcaceae";"Globicatella"
"337";"Bacteria";"Firmicutes";"Clostridia";"Clostridiales";"Lachnospiraceae";NA
"338";"Bacteria";"Firmicutes";"Bacilli";"Lactobacillales";"Leuconostocaceae";"Leuconostoc"
"339";"Bacteria";"Proteobacteria";"Gammaproteobacteria";"Pseudomonadales";"Moraxellaceae";"Acinetobacter"
"340";"Bacteria";"Cyanobacteria";"Oxyphotobacteria";"Chloroplast";NA;NA
"341";"Bacteria";"Proteobacteria";"Gammaproteobacteria";"Pasteurellales";"Pasteurellaceae";"Haemophilus"
"342";"Bacteria";"Proteobacteria";"Gammaproteobacteria";"Pseudomonadales";"Pseudomonadaceae";"Pseudomonas"
"343";"Bacteria";"Proteobacteria";"Gammaproteobacteria";"Xanthomonadales";"Xanthomonadaceae";"Pseudoxanthomonas"
"344";"Bacteria";"Firmicutes";"Bacilli";"Lactobacillales";"Leuconostocaceae";"Leuconostoc"
"345";"Bacteria";"Tenericutes";"Mollicutes";"Mycoplasmatales";"Mycoplasmataceae";"Mycoplasma"
"346";"Bacteria";"Proteobacteria";"Gammaproteobacteria";"Betaproteobacteriales";"Neisseriaceae";"Neisseria"
"347";"Bacteria";"Firmicutes";"Bacilli";"Bacillales";"Paenibacillaceae";"Paenibacillus"
"348";"Bacteria";"Proteobacteria";"Gammaproteobacteria";"Pseudomonadales";"Pseudomonadaceae";"Pseudomonas"
"349";"Bacteria";"Proteobacteria";"Gammaproteobacteria";"Betaproteobacteriales";"Burkholderiaceae";NA
"350";"Bacteria";"Actinobacteria";"Thermoleophilia";"Gaiellales";"Gaiellaceae";"Gaiella"
"351";"Bacteria";"Proteobacteria";"Gammaproteobacteria";"Betaproteobacteriales";"Burkholderiaceae";"Delftia"
"352";"Bacteria";"Proteobacteria";"Gammaproteobacteria";"Betaproteobacteriales";"Burkholderiaceae";"Burkholderia-Caballeronia-Paraburkholderia"
"353";"Bacteria";"Firmicutes";"Bacilli";"Bacillales";"Bacillaceae";"Gracilibacillus"
"354";"Bacteria";"Firmicutes";"Bacilli";"Bacillales";"Bacillaceae";"Oceanobacillus"
"355";"Bacteria";"Proteobacteria";"Gammaproteobacteria";"Vibrionales";"Vibrionaceae";"Photobacterium"
"356";"Bacteria";"Tenericutes";"Mollicutes";"Haloplasmatales";"Haloplasmataceae";"Haloplasma"
"357";"Bacteria";"Actinobacteria";"Actinobacteria";"Micrococcales";NA;NA
"358";"Bacteria";"Actinobacteria";"Actinobacteria";"Corynebacteriales";NA;NA
"359";"Bacteria";"Actinobacteria";"Actinobacteria";"Micrococcales";"Microbacteriaceae";NA
"360";"Bacteria";"Proteobacteria";"Gammaproteobacteria";"Betaproteobacteriales";"Burkholderiaceae";NA
"361";"Bacteria";"Actinobacteria";"Actinobacteria";"Micrococcales";"Brevibacteriaceae";"Sediminivirga"
"362";"Bacteria";"Actinobacteria";"Actinobacteria";"Micrococcales";"Microbacteriaceae";NA
"363";"Bacteria";"Firmicutes";"Bacilli";"Bacillales";"Bacillaceae";"Bacillus"
"364";"Bacteria";"Proteobacteria";"Gammaproteobacteria";"Pseudomonadales";"Pseudomonadaceae";"Pseudomonas"
"365";"Bacteria";"Proteobacteria";"Gammaproteobacteria";"Betaproteobacteriales";"Burkholderiaceae";"Diaphorobacter"
"366";"Bacteria";"Proteobacteria";"Gammaproteobacteria";"Pseudomonadales";"Pseudomonadaceae";"Pseudomonas"
"367";"Bacteria";"Proteobacteria";"Gammaproteobacteria";"Pasteurellales";"Pasteurellaceae";"Haemophilus"
"368";"Bacteria";"Proteobacteria";"Gammaproteobacteria";"Pseudomonadales";"Moraxellaceae";"Acinetobacter"
"369";"Bacteria";"Proteobacteria";"Gammaproteobacteria";"Betaproteobacteriales";"Burkholderiaceae";NA
"370";"Bacteria";"Proteobacteria";"Gammaproteobacteria";"Pseudomonadales";"Moraxellaceae";"Acinetobacter"
"371";"Bacteria";"Firmicutes";"Bacilli";"Bacillales";"Bacillaceae";"Bacillus"
"372";"Bacteria";"Firmicutes";"Bacilli";"Bacillales";"Planococcaceae";"Lysinibacillus"
"373";"Bacteria";"Proteobacteria";"Gammaproteobacteria";"Pseudomonadales";"Pseudomonadaceae";"Pseudomonas"
"374";"Bacteria";"Actinobacteria";"Actinobacteria";"Micrococcales";"Micrococcaceae";"Renibacterium"
"375";"Bacteria";"Actinobacteria";"Actinobacteria";"Micrococcales";NA;NA
"376";"Bacteria";"Actinobacteria";"Actinobacteria";"Micrococcales";NA;NA
"377";"Bacteria";"Firmicutes";"Bacilli";"Bacillales";"Planococcaceae";NA
"378";"Bacteria";"Firmicutes";"Clostridia";"Clostridiales";"Peptostreptococcaceae";"Asaccharospora"
"379";"Bacteria";"Actinobacteria";"Actinobacteria";"Micrococcales";NA;NA
"380";"Bacteria";"Firmicutes";"Bacilli";"Bacillales";"Bacillaceae";NA
"381";"Bacteria";"Firmicutes";"Clostridia";"Clostridiales";"Lachnospiraceae";"Cuneatibacter"
"382";"Bacteria";"Actinobacteria";"Actinobacteria";"Micrococcales";"Micrococcaceae";"Enteractinococcus"
"383";"Bacteria";"Actinobacteria";"Actinobacteria";"Corynebacteriales";"Corynebacteriaceae";NA
"384";"Bacteria";"Actinobacteria";"Actinobacteria";"Micrococcales";"Micrococcaceae";"Enteractinococcus"
"385";"Bacteria";"Bacteroidetes";"Bacteroidia";"Flavobacteriales";"Flavobacteriaceae";NA
"386";"Bacteria";"Actinobacteria";"Actinobacteria";"Micrococcales";"Microbacteriaceae";"Gulosibacter"
"387";"Bacteria";"Firmicutes";"Bacilli";"Bacillales";"Bacillaceae";"Ornithinibacillus"
"388";"Bacteria";"Firmicutes";"Bacilli";"Bacillales";"Bacillaceae";"Oceanobacillus"
"389";"Bacteria";"Firmicutes";"Bacilli";"Bacillales";"Bacillaceae";"Oceanobacillus"
"390";"Bacteria";"Firmicutes";"Bacilli";"Bacillales";"Planococcaceae";NA
"391";"Bacteria";"Firmicutes";"Bacilli";"Bacillales";"Bacillaceae";NA
"392";"Bacteria";"Firmicutes";"Bacilli";"Bacillales";"Bacillaceae";"Bacillus"
"393";"Bacteria";"Firmicutes";"Bacilli";"Bacillales";"Bacillaceae";"Oceanobacillus"
"394";"Bacteria";"Proteobacteria";"Gammaproteobacteria";"Betaproteobacteriales";"Burkholderiaceae";"Massilia"
"395";"Bacteria";"Firmicutes";"Bacilli";"Bacillales";"Bacillaceae";NA
"396";"Bacteria";"Firmicutes";"Bacilli";"Bacillales";"Bacillaceae";"Bacillus"
"397";"Bacteria";"Firmicutes";"Bacilli";"Bacillales";"Planococcaceae";"Lysinibacillus"
