SampleID;Replicate;Group;Label;Condition;Stage;Tissue;Days;Temperature;Target;Primer_set;Forward_primer;Reverse_primer;Forward;Reverse;Reads;Extraction_date;Biomass
EC1_16S;1;EC;Eggs cage;Non-sterilized;Eggs;Eggs;39;27;V3V4;341f/802r;CCTACGGGRSGCAGCAG;TACNVGGGTATCTAATCC;EC1_S19_R1_001.fastq.gz;EC1_S19_R2_001.fastq.gz;26053;30.03.2021;0.153
EC2_16S;2;EC;Eggs cage;Non-sterilized;Eggs;Eggs;39;27;V3V4;341f/802r;CCTACGGGRSGCAGCAG;TACNVGGGTATCTAATCC;EC2_S20_R1_001.fastq.gz;EC2_S20_R2_001.fastq.gz;33195;30.03.2021;0.09
EC3_16S;3;EC;Eggs cage;Non-sterilized;Eggs;Eggs;39;27;V3V4;341f/802r;CCTACGGGRSGCAGCAG;TACNVGGGTATCTAATCC;EC3_S21_R1_001.fastq.gz;EC3_S21_R2_001.fastq.gz;26954;30.03.2021;0.099
FA1_16S;1;FA;Female abdomen;Non-sterilized;Adult;Haemolymph;39;27;V3V4;341f/802r;CCTACGGGRSGCAGCAG;TACNVGGGTATCTAATCC;FA1_S28_R1_001.fastq.gz;FA1_S28_R2_001.fastq.gz;32995;30.03.2021;0.14
FA2_16S;2;FA;Female abdomen;Non-sterilized;Adult;Haemolymph;39;27;V3V4;341f/802r;CCTACGGGRSGCAGCAG;TACNVGGGTATCTAATCC;FA2_S29_R1_001.fastq.gz;FA2_S29_R2_001.fastq.gz;45569;30.03.2021;0.158
FA3_16S;3;FA;Female abdomen;Non-sterilized;Adult;Haemolymph;39;27;V3V4;341f/802r;CCTACGGGRSGCAGCAG;TACNVGGGTATCTAATCC;FA3_S30_R1_001.fastq.gz;FA3_S30_R2_001.fastq.gz;36203;30.03.2021;0.102
GS1_16S;1;GS;Larval gut sterile;Sterilized;Larva;Gut;8;27;V3V4;341f/802r;CCTACGGGRSGCAGCAG;TACNVGGGTATCTAATCC;GS1_S1_R1_001.fastq.gz;GS1_S1_R2_001.fastq.gz;76554;31.03.2021;0.097
GS2_16S;2;GS;Larval gut sterile;Sterilized;Larva;Gut;8;27;V3V4;341f/802r;CCTACGGGRSGCAGCAG;TACNVGGGTATCTAATCC;GS2_S2_R1_001.fastq.gz;GS2_S2_R2_001.fastq.gz;53758;31.03.2021;0.087
GS3_16S;3;GS;Larval gut sterile;Sterilized;Larva;Gut;8;27;V3V4;341f/802r;CCTACGGGRSGCAGCAG;TACNVGGGTATCTAATCC;GS3_S3_R1_001.fastq.gz;GS3_S3_R2_001.fastq.gz;51743;31.03.2021;0.09
LH1_16S;1;LH;Larval haemolymph;Non-sterilized;Larva;Haemolymph;8;27;V3V4;341f/802r;CCTACGGGRSGCAGCAG;TACNVGGGTATCTAATCC;LH1_S4_R1_001.fastq.gz;LH1_S4_R2_001.fastq.gz;31554;31.03.2021;0.159
LH2_16S;2;LH;Larval haemolymph;Non-sterilized;Larva;Haemolymph;8;27;V3V4;341f/802r;CCTACGGGRSGCAGCAG;TACNVGGGTATCTAATCC;LH2_S5_R1_001.fastq.gz;LH2_S5_R2_001.fastq.gz;54060;31.03.2021;0.101
LH3_16S;3;LH;Larval haemolymph;Non-sterilized;Larva;Haemolymph;8;27;V3V4;341f/802r;CCTACGGGRSGCAGCAG;TACNVGGGTATCTAATCC;LH3_S6_R1_001.fastq.gz;LH3_S6_R2_001.fastq.gz;39162;31.03.2021;0.166
EO1_16S;1;EO;Eggs ovarium;Non-sterilized;Eggs;Ovarium;39;27;V3V4;341f/802r;CCTACGGGRSGCAGCAG;TACNVGGGTATCTAATCC;EO1_S25_R1_001.fastq.gz;EO1_S25_R2_001.fastq.gz;48122;30.03.2021;0.051
EO2_16S;2;EO;Eggs ovarium;Non-sterilized;Eggs;Ovarium;39;27;V3V4;341f/802r;CCTACGGGRSGCAGCAG;TACNVGGGTATCTAATCC;EO2_S26_R1_001.fastq.gz;EO2_S26_R2_001.fastq.gz;34219;30.03.2021;0.061
EO3_16S;3;EO;Eggs ovarium;Non-sterilized;Eggs;Ovarium;39;27;V3V4;341f/802r;CCTACGGGRSGCAGCAG;TACNVGGGTATCTAATCC;EO3_S27_R1_001.fastq.gz;EO3_S27_R2_001.fastq.gz;33226;30.03.2021;0.071
EA1_16S;1;EA;Eggs oviposition apparatus;Non-sterilized;Eggs;Ovipositor;38;27;V3V4;341f/802r;CCTACGGGRSGCAGCAG;TACNVGGGTATCTAATCC;EA1_S16_R1_001.fastq.gz;EA1_S16_R2_001.fastq.gz;1071;26.03.2021;0.105
EA2_16S;2;EA;Eggs oviposition apparatus;Non-sterilized;Eggs;Ovipositor;38;27;V3V4;341f/802r;CCTACGGGRSGCAGCAG;TACNVGGGTATCTAATCC;EA2_S17_R1_001.fastq.gz;EA2_S17_R2_001.fastq.gz;39575;26.03.2021;0.098
EA3_16S;3;EA;Eggs oviposition apparatus;Non-sterilized;Eggs;Ovipositor;38;27;V3V4;341f/802r;CCTACGGGRSGCAGCAG;TACNVGGGTATCTAATCC;EA3_S18_R1_001.fastq.gz;EA3_S18_R2_001.fastq.gz;44577;26.03.2021;0.097
CP1_16S;1;CP;Pupal cell pulp;Non-sterilized;Pupa;Haemolymph;16;27;V3V4;341f/802r;CCTACGGGRSGCAGCAG;TACNVGGGTATCTAATCC;CP1_S7_R1_001.fastq.gz;CP1_S7_R2_001.fastq.gz;33761;31.03.2021;0.247
CP2_16S;2;CP;Pupal cell pulp;Non-sterilized;Pupa;Haemolymph;16;27;V3V4;341f/802r;CCTACGGGRSGCAGCAG;TACNVGGGTATCTAATCC;CP2_S8_R1_001.fastq.gz;CP2_S8_R2_001.fastq.gz;32016;31.03.2021;0.235
CP3_16S;3;CP;Pupal cell pulp;Non-sterilized;Pupa;Haemolymph;16;27;V3V4;341f/802r;CCTACGGGRSGCAGCAG;TACNVGGGTATCTAATCC;CP3_S9_R1_001.fastq.gz;CP3_S9_R2_001.fastq.gz;33502;31.03.2021;0.169
ES1_16S;1;ES;Eggs sterile;Sterilized;Eggs;Eggs;39;27;V3V4;341f/802r;CCTACGGGRSGCAGCAG;TACNVGGGTATCTAATCC;ES1_S22_R1_001.fastq.gz;ES1_S22_R2_001.fastq.gz;39189;31.03.2021;0.186
ES2_16S;2;ES;Eggs sterile;Sterilized;Eggs;Eggs;39;27;V3V4;341f/802r;CCTACGGGRSGCAGCAG;TACNVGGGTATCTAATCC;ES2_S23_R1_001.fastq.gz;ES2_S23_R2_001.fastq.gz;35757;31.03.2021;0.171
ES3_16S;3;ES;Eggs sterile;Sterilized;Eggs;Eggs;39;27;V3V4;341f/802r;CCTACGGGRSGCAGCAG;TACNVGGGTATCTAATCC;ES3_S24_R1_001.fastq.gz;ES3_S24_R2_001.fastq.gz;33556;31.03.2021;0.139
GU1_16S;1;GU;Larval gut unsterile;Non-sterilized;Larva;Gut;8;27;V3V4;341f/802r;CCTACGGGRSGCAGCAG;TACNVGGGTATCTAATCC;GU1_S10_R1_001.fastq.gz;GU1_S10_R2_001.fastq.gz;62257;31.03.2021;0.049
GU2_16S;2;GU;Larval gut unsterile;Non-sterilized;Larva;Gut;8;27;V3V4;341f/802r;CCTACGGGRSGCAGCAG;TACNVGGGTATCTAATCC;GU2_S11_R1_001.fastq.gz;GU2_S11_R2_001.fastq.gz;42977;31.03.2021;0.093
GU3_16S;3;GU;Larval gut unsterile;Non-sterilized;Larva;Gut;8;27;V3V4;341f/802r;CCTACGGGRSGCAGCAG;TACNVGGGTATCTAATCC;GU3_S12_R1_001.fastq.gz;GU3_S12_R2_001.fastq.gz;40374;31.03.2021;0.08
WS1_16S;1;WS;Wash solution;Non-sterilized;Adult;Ovipositor;38;27;V3V4;341f/802r;CCTACGGGRSGCAGCAG;TACNVGGGTATCTAATCC;WS1_S13_R1_001.fastq.gz;WS1_S13_R2_001.fastq.gz;28518;26.03.2021;0
WS2_16S;2;WS;Wash solution;Non-sterilized;Adult;Ovipositor;38;27;V3V4;341f/802r;CCTACGGGRSGCAGCAG;TACNVGGGTATCTAATCC;WS2_S14_R1_001.fastq.gz;WS2_S14_R2_001.fastq.gz;31266;26.03.2021;0
WS3_16S;3;WS;Wash solution;Non-sterilized;Adult;Ovipositor;38;27;V3V4;341f/802r;CCTACGGGRSGCAGCAG;TACNVGGGTATCTAATCC;WS3_S15_R1_001.fastq.gz;WS3_S15_R2_001.fastq.gz;25235;26.03.2021;0
EC1_ITS;1;EC;Eggs cage;Non-sterilized;Eggs;Eggs;39;27;ITS2;ITS3f/ITS4r;GCATCGATGAAGAACGCAGC;TCCTCCGCTTATTGATATGC;EC1_S49_R1_001.fastq.gz;EC1_S49_R2_001.fastq.gz;108027;30.03.2021;0.153
EC2_ITS;2;EC;Eggs cage;Non-sterilized;Eggs;Eggs;39;27;ITS2;ITS3f/ITS4r;GCATCGATGAAGAACGCAGC;TCCTCCGCTTATTGATATGC;EC2_S50_R1_001.fastq.gz;EC2_S50_R2_001.fastq.gz;105078;30.03.2021;0.09
EC3_ITS;3;EC;Eggs cage;Non-sterilized;Eggs;Eggs;39;27;ITS2;ITS3f/ITS4r;GCATCGATGAAGAACGCAGC;TCCTCCGCTTATTGATATGC;EC3_S51_R1_001.fastq.gz;EC3_S51_R2_001.fastq.gz;88282;30.03.2021;0.099
FA1_ITS;1;FA;Female abdomen;Non-sterilized;Adult;Haemolymph;39;27;ITS2;ITS3f/ITS4r;GCATCGATGAAGAACGCAGC;TCCTCCGCTTATTGATATGC;FA1_S58_R1_001.fastq.gz;FA1_S58_R2_001.fastq.gz;72483;30.03.2021;0.14
FA2_ITS;2;FA;Female abdomen;Non-sterilized;Adult;Haemolymph;39;27;ITS2;ITS3f/ITS4r;GCATCGATGAAGAACGCAGC;TCCTCCGCTTATTGATATGC;FA2_S59_R1_001.fastq.gz;FA2_S59_R2_001.fastq.gz;89306;30.03.2021;0.158
FA3_ITS;3;FA;Female abdomen;Non-sterilized;Adult;Haemolymph;39;27;ITS2;ITS3f/ITS4r;GCATCGATGAAGAACGCAGC;TCCTCCGCTTATTGATATGC;FA3_S60_R1_001.fastq.gz;FA3_S60_R2_001.fastq.gz;83864;30.03.2021;0.102
GS1_ITS;1;GS;Larval gut sterile;Sterilized;Larva;Gut;8;27;ITS2;ITS3f/ITS4r;GCATCGATGAAGAACGCAGC;TCCTCCGCTTATTGATATGC;GS1_S31_R1_001.fastq.gz;GS1_S31_R2_001.fastq.gz;88353;31.03.2021;0.097
GS2_ITS;2;GS;Larval gut sterile;Sterilized;Larva;Gut;8;27;ITS2;ITS3f/ITS4r;GCATCGATGAAGAACGCAGC;TCCTCCGCTTATTGATATGC;GS2_S32_R1_001.fastq.gz;GS2_S32_R2_001.fastq.gz;39543;31.03.2021;0.087
GS3_ITS;3;GS;Larval gut sterile;Sterilized;Larva;Gut;8;27;ITS2;ITS3f/ITS4r;GCATCGATGAAGAACGCAGC;TCCTCCGCTTATTGATATGC;GS3_S33_R1_001.fastq.gz;GS3_S33_R2_001.fastq.gz;48939;31.03.2021;0.09
LH1_ITS;1;LH;Larval haemolymph;Non-sterilized;Larva;Haemolymph;8;27;ITS2;ITS3f/ITS4r;GCATCGATGAAGAACGCAGC;TCCTCCGCTTATTGATATGC;LH1_S34_R1_001.fastq.gz;LH1_S34_R2_001.fastq.gz;46554;31.03.2021;0.159
LH2_ITS;2;LH;Larval haemolymph;Non-sterilized;Larva;Haemolymph;8;27;ITS2;ITS3f/ITS4r;GCATCGATGAAGAACGCAGC;TCCTCCGCTTATTGATATGC;LH2_S35_R1_001.fastq.gz;LH2_S35_R2_001.fastq.gz;71750;31.03.2021;0.101
LH3_ITS;3;LH;Larval haemolymph;Non-sterilized;Larva;Haemolymph;8;27;ITS2;ITS3f/ITS4r;GCATCGATGAAGAACGCAGC;TCCTCCGCTTATTGATATGC;LH3_S36_R1_001.fastq.gz;LH3_S36_R2_001.fastq.gz;77748;31.03.2021;0.166
EO1_ITS;1;EO;Eggs ovarium;Non-sterilized;Eggs;Ovarium;39;27;ITS2;ITS3f/ITS4r;GCATCGATGAAGAACGCAGC;TCCTCCGCTTATTGATATGC;EO1_S55_R1_001.fastq.gz;EO1_S55_R2_001.fastq.gz;71865;30.03.2021;0.051
EO2_ITS;2;EO;Eggs ovarium;Non-sterilized;Eggs;Ovarium;39;27;ITS2;ITS3f/ITS4r;GCATCGATGAAGAACGCAGC;TCCTCCGCTTATTGATATGC;EO2_S56_R1_001.fastq.gz;EO2_S56_R2_001.fastq.gz;83193;30.03.2021;0.061
EO3_ITS;3;EO;Eggs ovarium;Non-sterilized;Eggs;Ovarium;39;27;ITS2;ITS3f/ITS4r;GCATCGATGAAGAACGCAGC;TCCTCCGCTTATTGATATGC;EO3_S57_R1_001.fastq.gz;EO3_S57_R2_001.fastq.gz;71321;30.03.2021;0.071
EA1_ITS;1;EA;Eggs oviposition apparatus;Non-sterilized;Eggs;Ovipositor;38;27;ITS2;ITS3f/ITS4r;GCATCGATGAAGAACGCAGC;TCCTCCGCTTATTGATATGC;EA1_S46_R1_001.fastq.gz;EA1_S46_R2_001.fastq.gz;65688;26.03.2021;0.105
EA2_ITS;2;EA;Eggs oviposition apparatus;Non-sterilized;Eggs;Ovipositor;38;27;ITS2;ITS3f/ITS4r;GCATCGATGAAGAACGCAGC;TCCTCCGCTTATTGATATGC;EA2_S47_R1_001.fastq.gz;EA2_S47_R2_001.fastq.gz;25705;26.03.2021;0.098
EA3_ITS;3;EA;Eggs oviposition apparatus;Non-sterilized;Eggs;Ovipositor;38;27;ITS2;ITS3f/ITS4r;GCATCGATGAAGAACGCAGC;TCCTCCGCTTATTGATATGC;EA3_S48_R1_001.fastq.gz;EA3_S48_R2_001.fastq.gz;55697;26.03.2021;0.097
CP1_ITS;1;CP;Pupal cell pulp;Non-sterilized;Pupa;Haemolymph;16;27;ITS2;ITS3f/ITS4r;GCATCGATGAAGAACGCAGC;TCCTCCGCTTATTGATATGC;CP1_S37_R1_001.fastq.gz;CP1_S37_R2_001.fastq.gz;67325;31.03.2021;0.247
CP2_ITS;2;CP;Pupal cell pulp;Non-sterilized;Pupa;Haemolymph;16;27;ITS2;ITS3f/ITS4r;GCATCGATGAAGAACGCAGC;TCCTCCGCTTATTGATATGC;CP2_S38_R1_001.fastq.gz;CP2_S38_R2_001.fastq.gz;67836;31.03.2021;0.235
CP3_ITS;3;CP;Pupal cell pulp;Non-sterilized;Pupa;Haemolymph;16;27;ITS2;ITS3f/ITS4r;GCATCGATGAAGAACGCAGC;TCCTCCGCTTATTGATATGC;CP3_S39_R1_001.fastq.gz;CP3_S39_R2_001.fastq.gz;40303;31.03.2021;0.169
ES1_ITS;1;ES;Eggs sterile;Sterilized;Eggs;Eggs;39;27;ITS2;ITS3f/ITS4r;GCATCGATGAAGAACGCAGC;TCCTCCGCTTATTGATATGC;ES1_S52_R1_001.fastq.gz;ES1_S52_R2_001.fastq.gz;102520;31.03.2021;0.186
ES2_ITS;2;ES;Eggs sterile;Sterilized;Eggs;Eggs;39;27;ITS2;ITS3f/ITS4r;GCATCGATGAAGAACGCAGC;TCCTCCGCTTATTGATATGC;ES2_S53_R1_001.fastq.gz;ES2_S53_R2_001.fastq.gz;114513;31.03.2021;0.171
ES3_ITS;3;ES;Eggs sterile;Sterilized;Eggs;Eggs;39;27;ITS2;ITS3f/ITS4r;GCATCGATGAAGAACGCAGC;TCCTCCGCTTATTGATATGC;ES3_S54_R1_001.fastq.gz;ES3_S54_R2_001.fastq.gz;132682;31.03.2021;0.139
GU1_ITS;1;GU;Larval gut unsterile;Non-sterilized;Larva;Gut;8;27;ITS2;ITS3f/ITS4r;GCATCGATGAAGAACGCAGC;TCCTCCGCTTATTGATATGC;GU1_S40_R1_001.fastq.gz;GU1_S40_R2_001.fastq.gz;73207;31.03.2021;0.049
GU2_ITS;2;GU;Larval gut unsterile;Non-sterilized;Larva;Gut;8;27;ITS2;ITS3f/ITS4r;GCATCGATGAAGAACGCAGC;TCCTCCGCTTATTGATATGC;GU2_S41_R1_001.fastq.gz;GU2_S41_R2_001.fastq.gz;72562;31.03.2021;0.093
GU3_ITS;3;GU;Larval gut unsterile;Non-sterilized;Larva;Gut;8;27;ITS2;ITS3f/ITS4r;GCATCGATGAAGAACGCAGC;TCCTCCGCTTATTGATATGC;GU3_S42_R1_001.fastq.gz;GU3_S42_R2_001.fastq.gz;39815;31.03.2021;0.08
WS1_ITS;1;WS;Wash solution;Non-sterilized;Adult;Ovipositor;38;27;ITS2;ITS3f/ITS4r;GCATCGATGAAGAACGCAGC;TCCTCCGCTTATTGATATGC;WS1_S43_R1_001.fastq.gz;WS1_S43_R2_001.fastq.gz;61951;26.03.2021;0
WS2_ITS;2;WS;Wash solution;Non-sterilized;Adult;Ovipositor;38;27;ITS2;ITS3f/ITS4r;GCATCGATGAAGAACGCAGC;TCCTCCGCTTATTGATATGC;WS2_S44_R1_001.fastq.gz;WS2_S44_R2_001.fastq.gz;58297;26.03.2021;0
WS3_ITS;3;WS;Wash solution;Non-sterilized;Adult;Ovipositor;38;27;ITS2;ITS3f/ITS4r;GCATCGATGAAGAACGCAGC;TCCTCCGCTTATTGATATGC;WS3_S45_R1_001.fastq.gz;WS3_S45_R2_001.fastq.gz;86028;26.03.2021;0
